shop_name,listing_id,title,tags,image_1,image_2,image_3,image_4,image_5,image_6,image_7,image_8,image_9,image_10
AutumnloveByDaniel,1716838728,"Fourth Wing Dragons Set Of 3 Prints, Tairn Andarna Sgaeyl, Violet Sorrengail Xaden Riorson Dragon Rider Wall Art",digital art; gift for reader; fourth wing dragons; fourth wing merch; basgiath war college; dragon rider; xaden riorson; violet sorrengail; rebecca yarros; tairn andarna; art print; basgiath college; poster print,https://i.etsystatic.com/51128845/r/il/0172af/6036767887/il_fullxfull.6036767887_cx4y.jpg,https://i.etsystatic.com/51128845/r/il/c59042/5936919595/il_fullxfull.5936919595_hpfw.jpg,https://i.etsystatic.com/51128845/r/il/489fa1/6036768047/il_fullxfull.6036768047_m168.jpg,https://i.etsystatic.com/51128845/r/il/5aceb5/6036768137/il_fullxfull.6036768137_rh5c.jpg,https://i.etsystatic.com/51128845/r/il/c9351c/5988704090/il_fullxfull.5988704090_sk96.jpg,https://i.etsystatic.com/51128845/r/il/a0e658/5988704160/il_fullxfull.5988704160_1wwu.jpg,https://i.etsystatic.com/51128845/r/il/8036f5/6036768177/il_fullxfull.6036768177_ivri.jpg,,,
AutumnloveByDaniel,1707753705,"Different Ways Say I Love You In Book Quotes PNG, I Love You Clipart, Aesthetic Love You, Instant Download",gift for her; trendy bookish merch; reader merch png; bookish sweatshirt; book sweatshirt png; reader sweatshirt; tumblr hoodie; bookish crewneck; i love you sweater; love you hoodie png; valentine sweatshirt; different ways say; love lyrics shirt,https://i.etsystatic.com/51128845/r/il/f7f2ab/5939707463/il_fullxfull.5939707463_lj54.jpg,https://i.etsystatic.com/51128845/r/il/17c93d/5891624866/il_fullxfull.5891624866_yt9m.jpg,https://i.etsystatic.com/51128845/r/il/4b0ce9/5939707169/il_fullxfull.5939707169_eyoy.jpg,https://i.etsystatic.com/51128845/r/il/9e4fb9/5939707413/il_fullxfull.5939707413_85lb.jpg,https://i.etsystatic.com/51128845/r/il/6a3429/5939707315/il_fullxfull.5939707315_ruor.jpg,https://i.etsystatic.com/51128845/r/il/fc0d90/5939707385/il_fullxfull.5939707385_mwq3.jpg,https://i.etsystatic.com/51128845/r/il/61a8d6/5891625222/il_fullxfull.5891625222_ac4q.jpg,https://i.etsystatic.com/51128845/r/il/603c0d/5939707489/il_fullxfull.5939707489_ielw.jpg,https://i.etsystatic.com/51128845/r/il/efcf5d/5939707483/il_fullxfull.5939707483_pey9.jpg,https://i.etsystatic.com/51128845/r/il/85cb3d/5939707551/il_fullxfull.5939707551_it26.jpg
AutumnloveByDaniel,1692893816,"Sarah J Maas set of 3 Prints, Bryce  Aelin  Feyre Tattoo, Library Wall Art, Digital Download, Romantasy Book Leading Ladies, Throne of Glass",digital wall art; wall art; prints wall art; sarah j maas; throne of glass; library decor; acotar merch; reader wall art; poster print; bryce quinlan; aelin galathynius; feyre archeron; png download,https://i.etsystatic.com/51128845/r/il/9267c9/5888906784/il_fullxfull.5888906784_6yw4.jpg,https://i.etsystatic.com/51128845/r/il/c59042/5936919595/il_fullxfull.5936919595_hpfw.jpg,https://i.etsystatic.com/51128845/r/il/1e4128/5888907012/il_fullxfull.5888907012_mlxs.jpg,https://i.etsystatic.com/51128845/r/il/04ebe5/5936981873/il_fullxfull.5936981873_dcb3.jpg,https://i.etsystatic.com/51128845/r/il/537669/5936981885/il_fullxfull.5936981885_ixar.jpg,https://i.etsystatic.com/51128845/r/il/f21b36/5888906976/il_fullxfull.5888906976_282s.jpg,,,,
AutumnloveByDaniel,1743086495,"90’S Mom Vibes Instant Download, Funny Mom Digital File, Cool Moms Club Shirt Design, Funny Mom Life Png, Mother&#39;s Day Gift, Cool Mom Gifts",mom life shirt; funny mom png; mothers day gift; cool mom gifts; roseanne mom; mother's day gift; peggy bundy png; kitty forman; mothers day digital; 90s mom vibes shirt; 90s tv moms; the nanny dgt; funny mom digital,https://i.etsystatic.com/51128845/r/il/0063df/6040827252/il_fullxfull.6040827252_1uou.jpg,https://i.etsystatic.com/51128845/r/il/904f47/6040748350/il_fullxfull.6040748350_3fse.jpg,https://i.etsystatic.com/51128845/r/il/59c71b/6088821011/il_fullxfull.6088821011_gk7r.jpg,https://i.etsystatic.com/51128845/r/il/fd5f03/6088821157/il_fullxfull.6088821157_k2u0.jpg,,,,,,
AutumnloveByDaniel,1696870986,"Sarah J Maas Set Of 3 Prints, Terrasen, Velaris, FireHeart, Crescent City Digital Wall Art Pack, Bryce Aelin Feyre Png, SJM Inspired Print",sarah j maas; crescent city; acotar merch; terrasen poster; aelin galathynius; prints wall art; acotar velaris; digital wall art; acotar art print; reader wall art; city of starlight; stained glass; sjm merch,,,,,,,,,,
AutumnloveByDaniel,1891005615,"Rolling Stones PNG Digital Download, He Is Risen Sublimation Design, Easter Christian PNG Clipart, Funny Christian Shirt Designs",rolling stones png; jesus has risen png; he is risen png; png digital download; jesus christ png; faith based graphic; religious png; resurrection png; gifts for friend; woman christian png; woman easter clothes; easter day shirt; trending christ tee,,,,,,,,,,
AutumnloveByDaniel,1841775519,"Wicked Together We’re Unlimited PNG Digital Download, Defy Gravity Broomstick Magic Wand PNG, Wizard Movie Fan Tee",defying gravity; wicked broadway; wicked the musical; glinda good witch; wicked movie png; wicked png; changed for good; png digital download; west side story; shiz university; wicked movie merch; wicked movie tee; wicked the movie,https://i.etsystatic.com/51128845/r/il/d98857/6547286749/il_fullxfull.6547286749_65a2.jpg,https://i.etsystatic.com/51128845/r/il/d97328/6547286765/il_fullxfull.6547286765_6f6z.jpg,,,,,,,,
AutumnloveByDaniel,1861674303,"Fourth Wing Series Digital Download Merch For Fans, War College PNG, Dragon Rider Clipart, Book Merch Gift",fourth wing png; basgiath war college; violet sorrengail; onyx storm release; xaden riorson; digital download; onyx storm png; bookish sweatshirt; dragon rider shirt; ya fantasy books; fourth wing xaden; wing leader; fourth wing art,,,,,,,,,,
AutumnloveByDaniel,1693569628,"Me And Karma Vibe Like That PNG, Karma Is A Cat Shirt Designs, Cat Lover Shirt, Concert Tee For Women, Digital Download, Teachers Gifts",me and karma png; me and karma shirt; vibe like that shirt; instant download; midnights album tee; png svg clipart; midnights shirt; concert merch; eras tour merch; cat lover shirt; karma eras shirt; swiftie gift; karma is a cat shirt,https://i.etsystatic.com/51128845/r/il/2a32c8/5891639024/il_fullxfull.5891639024_cdvi.jpg,https://i.etsystatic.com/51128845/r/il/02493f/5891638550/il_fullxfull.5891638550_els3.jpg,https://i.etsystatic.com/51128845/r/il/000f61/5891638848/il_fullxfull.5891638848_dqaz.jpg,https://i.etsystatic.com/51128845/r/il/a5917d/5891638846/il_fullxfull.5891638846_aibl.jpg,,,,,,
AutumnloveByDaniel,4421491794,"Babysitter Harrington Digital Download, Mom Of The Year St5 Stranger Movie PNG, Funny Movie Digital File For Fan, Stranger Gift",stranger things; hawkins indiana; eleven sweatshirt; don't talk to; strangers movie; stranger things gift; steve harrington; eleven; mike wheeler; oversized crewneck; oversized sweatshirt; alien spooky; stranger alien shirt,https://i.etsystatic.com/51128845/r/il/419108/7493552828/il_fullxfull.7493552828_l4f0.jpg,https://i.etsystatic.com/51128845/r/il/3516d8/7541487557/il_fullxfull.7541487557_1unt.jpg,,,,,,,,
AutumnloveByDaniel,1708551349,"Fourth Wing PNG, Riders Quadrant Basgiath War College Digital Download, Dragon Rider PNG, Rebecca Yoros, Violet Sorrengail",basgiath war college; fourth wing merch; fourth wing png; rebecca yarros; gifts for readers; fourth wing art; fourth wing xaden; wingleader xaden; bookish shirt; svg files for cricut; the empyrean series; xaden riorson png; violet sorrengail,https://i.etsystatic.com/51128845/r/il/d454db/5942388059/il_fullxfull.5942388059_4jzp.jpg,https://i.etsystatic.com/51128845/r/il/3d4c4d/5894303646/il_fullxfull.5894303646_ch6x.jpg,https://i.etsystatic.com/51128845/r/il/5fd924/5942388293/il_fullxfull.5942388293_8ycv.jpg,https://i.etsystatic.com/51128845/r/il/1ec0f4/5894303036/il_fullxfull.5894303036_s3ig.jpg,https://i.etsystatic.com/51128845/r/il/c807cd/5942388707/il_fullxfull.5942388707_fo7m.jpg,,,,,
AutumnloveByDaniel,1703778485,"The Bat Boys PNG, Acotar Bookish Shirt Designs, The Night Court Illyrians, A Court of Thorns and Roses Rhysand Cassian Azriel PNG",acotar png; acotar merch; the bat boys svg; bat boys wings; azriel crescent city; sjm merch; sarah j maas velaris; svg files for cricut; bookish merch; gift for reader; feyre acotar tee; front back svg,https://i.etsystatic.com/51128845/r/il/b9bfd7/5874524228/il_fullxfull.5874524228_u3bj.jpg,https://i.etsystatic.com/51128845/r/il/042f10/5922591919/il_fullxfull.5922591919_qce0.jpg,https://i.etsystatic.com/51128845/r/il/19c5f0/5922592913/il_fullxfull.5922592913_6lyu.jpg,https://i.etsystatic.com/51128845/r/il/03f942/5922593265/il_fullxfull.5922593265_akf0.jpg,https://i.etsystatic.com/51128845/r/il/dbacc9/5874506306/il_fullxfull.5874506306_p9hi.jpg,,,,,
AutumnloveByDaniel,1689581802,"Don’t Let Their Energy Change Yours Digital Shirt Design, Mental Health Png Instant Download, Tomorrow Needs You Png, Positive Gift For Her",mental health shirt; therapist shirt; sublimation design; tomorrow needs you; be kind to your mind; self love shirt; anxiety design png; inspirational svg; gifts for her; dontlettheirenergy; positive quote png; self care gift; mental awareness png,https://i.etsystatic.com/51128845/r/il/3cd556/5922611175/il_fullxfull.5922611175_299m.jpg,https://i.etsystatic.com/51128845/r/il/00b6f9/5922564801/il_fullxfull.5922564801_ltqn.jpg,https://i.etsystatic.com/51128845/r/il/84479a/5922564761/il_fullxfull.5922564761_end7.jpg,https://i.etsystatic.com/51128845/r/il/a29bae/5922564959/il_fullxfull.5922564959_2pul.jpg,,,,,,
AutumnloveByDaniel,1847471282,"TOG Series Digital Download Merch For Fans, Terrasen The Thirteen PNG, Aelin Fireheart Clipart, Gift For Book Lover",manon blackbeak; tog series; bookish merch; aelin galathynius; sarah j maas merch; sjm merch; the thirteen shirt; rowan whitethorn; throne of glass png; bookish christmas; we are the thirteen; sarah j maas shirt; acotar merch,https://i.etsystatic.com/51128845/r/il/0a8a32/6582299282/il_fullxfull.6582299282_wj8h.jpg,https://i.etsystatic.com/51128845/r/il/13b864/6582299276/il_fullxfull.6582299276_jnfw.jpg,,,,,,,,
AutumnloveByDaniel,1799533798,"Polar Express PNG Digital Download, Funny Christmas PNG Clip Art, North Pole Magic,  Christmas Gift For Family, Xmas Shirt Designs",north pole png; vintage christmas; christmas train png; retro christmas png; christmas jumper; polar express png; polar express gift; funny xmas png; trendy christmas; xmas sweater design; trending best seller; original design; north pole santa tee,https://i.etsystatic.com/51128845/r/il/85b91c/6431828389/il_fullxfull.6431828389_srqe.jpg,https://i.etsystatic.com/51128845/r/il/52af64/6383737892/il_fullxfull.6383737892_qf4k.jpg,,,,,,,,
AutumnloveByDaniel,1829137323,"Wicked PNG Digital Download, Defying Gravity PNG Clipart, Wicked Changed For Good, Wizard Movie Fan Shirt Designs",changed for good; defying gravity; wicked the musical; wicked broadway; glinda good witch; shiz university; png digital download; land of oz; for good wicked; wicked movie png; xmas gift; elphaba and glinda; elphaba png,,,,,,,,,,
AutumnloveByDaniel,1730883572,"It&#39;s Okay To Feel All The Feels PNG Digital Download, Funny Mental Health Png, Inclusion Speech Therapy BCBA Png, Inside Out Shirt Designs",its okay to feel; mental health matter; mental health png; inside out png; inclusion png; speech therapy png; bcba png; svg files for cricut; para png; mental health tee; psychologists png; therapy png; disney inside out,,,,,,,,,,
AutumnloveByDaniel,1808325846,"Forbidden Forest Wizard Instant Download, National Park Wizard Png, Wizarding World Png, Bookish Gift for Fan",harry wizard png; forbidden forest png; national park png; universal trip; wizard school png; flourish and blotts; potter merch; wizarding world; national park tee; magic wizard shirt; fandom apparel gift; hogwarts magical fan; magical crewneck top,,,,,,,,,,
AutumnloveByDaniel,1745608875,"Joe Dirt 4th July PNG Digital Download, Joe Dirt Merica 2 Sided Shirt Designs, Trendy 4th of July PNG, Independence Day, PNG Clipart",4th of july joe dirt; patriotic png; independence day; fourth of july png; svg files for cricut; funny america png; funny 4th of july; 4th of july png; funny usa png; joe dirt funny png; joe dirt merica tee; red white blue; usa flag,https://i.etsystatic.com/51128845/r/il/a20cec/6051820032/il_fullxfull.6051820032_5qgt.jpg,https://i.etsystatic.com/51128845/r/il/422e3e/6051820724/il_fullxfull.6051820724_cx20.jpg,https://i.etsystatic.com/51128845/r/il/68fd44/6051820696/il_fullxfull.6051820696_ld5h.jpg,https://i.etsystatic.com/51128845/r/il/5daae1/6099889745/il_fullxfull.6099889745_cmgx.jpg,,,,,,
AutumnloveByDaniel,1887336612,"The Beach Club PNG Digital Download, Salty Moms Beach Club Instant Download, Retro Beach Girl Shirt, Trendy Summer Vibes Sublimation File",mama png; mom gift; mothers day png; mama shirt png; retro mom png; funny mom png; png digital download; summer png; funny sarcastic png; beach vibes png; trendy png; beach png; salty shirt,https://i.etsystatic.com/51128845/r/il/bac45f/6783689174/il_fullxfull.6783689174_5oo4.jpg,https://i.etsystatic.com/51128845/r/il/7a47fc/6783689172/il_fullxfull.6783689172_1rl0.jpg,,,,,,,,
AutumnloveByDaniel,1883037574,"Neurodiverse Universe PNG Digital Download, Autism Awareness Shirt Designs, Space Neurodiversity PNG Clipart, Special Education Shirt",autism acceptance; autism png; autism support; autistic pride png; dyslexia shirt; equality shirt; inclusion matters; mental health png; neurodiversity shirt; special education; sped teacher shirt; instant download; neurodiversity tee,https://i.etsystatic.com/51128845/r/il/70ee38/6810126451/il_fullxfull.6810126451_ccyu.jpg,https://i.etsystatic.com/51128845/r/il/f498b8/6810126409/il_fullxfull.6810126409_6zwa.jpg,,,,,,,,
AutumnloveByDaniel,1703779627,"The Thirteen Throne Of Glass PNG, Sjm TOG Manon, From Now Until The Darkness Claims Us PNG, We Are The Thirteen Instant Download",darkness claims us; booktok merch; the thirteen shirt; bookish quote; book lover shirt; bookish shirt; from now until the; we are the thirteen; dark academia tshirt; throne of glass tee; sarah j maas shirt; manon blackbeak  tee; bookish merch,https://i.etsystatic.com/51128845/r/il/dafb46/5874522784/il_fullxfull.5874522784_5o37.jpg,https://i.etsystatic.com/51128845/r/il/2ba460/5874520448/il_fullxfull.5874520448_4riv.jpg,https://i.etsystatic.com/51128845/r/il/7e6ba0/5922606849/il_fullxfull.5922606849_cf63.jpg,https://i.etsystatic.com/51128845/r/il/58c511/5922606823/il_fullxfull.5922606823_erbo.jpg,https://i.etsystatic.com/51128845/r/il/f43b48/5922607409/il_fullxfull.5922607409_6rdy.jpg,,,,,
AutumnloveByDaniel,4326850277,"Hotter Than A Hoochie Coochie PNG Digital Download, Summer Vacation Shirt Designs, Hoochie Coochie Meme Shirt, 90s Country Music Lover Gift",png digital download; women trendy shirt; music lover tshirt; 90s country music; trendy summer tee; hotter than a; hoochie coochie; meme summer tee; vacation tshirt; summer vibes shirt; funny lake day png; 90s country shirt; country music lover,https://i.etsystatic.com/51128845/r/il/36e24c/7021744289/il_fullxfull.7021744289_cuo4.jpg,https://i.etsystatic.com/51128845/r/il/1c685a/6973759786/il_fullxfull.6973759786_6dzd.jpg,,,,,,,,
AutumnloveByDaniel,1824563037,"Detroit Football Side Bow, Detroit Fan Ribbon Bow, Sweatshirt Seam Side Bow, Side Bow Machine Embroidery Designs, Lions Fan Gift",machine embroidery; embroidery design; vintage football bow; applique design; tshirt embroidery; detroit lions bow; football mama bow; side bow appliqué; side bow sweatshirt; football side bow; detroit lions fan; lions vintage style,https://i.etsystatic.com/51128845/r/il/740cce/6423156132/il_fullxfull.6423156132_tiih.jpg,,,,,,,,,
AutumnloveByDaniel,4395669106,"Polar Express Christmas PNG Digital Download, North Pole Magic PNG Clipart, Christmas Shirt Designs, Christmas Gift For Family",north pole png; vintage christmas; christmas train png; retro christmas png; christmas jumper; polar express png; polar express gift; funny xmas png; trendy christmas; xmas sweater design; trending best seller; original design; north pole santa tee,https://i.etsystatic.com/51128845/r/il/0f5d03/7339411106/il_fullxfull.7339411106_iq9z.jpg,https://i.etsystatic.com/51128845/r/il/0cb2db/7387349441/il_fullxfull.7387349441_lii9.jpg,,,,,,,,
AutumnloveByDaniel,1820289627,"They Didn&#39;t Burn Witches They Burned Women PNG Digital Download, Feminist Witch PNG Clip Art, Bury The Patriarchy, Women&#39;s Rights",they burned women; png digital download; didn't burn witches; spooky feminist; witchy feminist tee; witches they burned; feminist witch shirt; witchy aesthetic; feminism shirt; gift for her; they didnt burn; womens rights shirt; equality fall shirt,,,,,,,,,,
AutumnloveByDaniel,1875236984,"Inclusion Is My Jam PNG Digital Download, Autism Awareness Instant Download, Inclusion Shirt Designs, Neurodiversity Apparel",inclusion is my jam; instant download; special education; special ed teacher; autism teacher gift; teacher appreciation; neurodiversity png; inclusion matters; equal rights png; png digital download; sped teacher shirt; autism acceptance; adhd png,,,,,,,,,,
AutumnloveByDaniel,4297655502,"Belle&#39;s Book Club PNG Digital Download, Tale As Old As Time Belle’s Book Cafe Shirt, Belle Princess Instant Download, Book Lover Gift",beauty and the beast; princess belle png; tale as old as time; belle's book shop; disney princess png; bookworm shirt; belle book png; book lover gift; png digital download; book lover shirt; disney belle shirt; princess reads book; disney family shirts,,,,,,,,,,
AutumnloveByDaniel,1713506475,"Sarah J. Maas Eras Tour PNG, The Mass Tour Digital Download, Acotar Shirt, Crescent City Merch, Throne Of Glass Merch File, SJM Fan Apparel",the maas tour png; throne of glass png; acotar merch; the night court; crescent city svg; sjm merch; sarah j maas merch; sarah j maas shirt; svg files for cricut; the eras tour merch; feyre and rhysand; acotar velaris shirt; trendy booktok,https://i.etsystatic.com/51128845/r/il/bfdcda/5913683650/il_fullxfull.5913683650_lpip.jpg,https://i.etsystatic.com/51128845/r/il/6f54be/5961769455/il_fullxfull.5961769455_46ex.jpg,https://i.etsystatic.com/51128845/r/il/0d0649/5961769499/il_fullxfull.5961769499_k7nf.jpg,https://i.etsystatic.com/51128845/r/il/f463a4/5913683324/il_fullxfull.5913683324_qwe9.jpg,https://i.etsystatic.com/51128845/r/il/952ed3/5961769653/il_fullxfull.5961769653_2iro.jpg,https://i.etsystatic.com/51128845/r/il/1b44d0/5913683376/il_fullxfull.5913683376_ljir.jpg,https://i.etsystatic.com/51128845/r/il/5f92a1/5961769731/il_fullxfull.5961769731_rcru.jpg,https://i.etsystatic.com/51128845/r/il/0e7d06/5961769745/il_fullxfull.5961769745_1ub8.jpg,https://i.etsystatic.com/51128845/r/il/c3bdb4/5913683458/il_fullxfull.5913683458_rnc0.jpg,https://i.etsystatic.com/51128845/r/il/0c90d3/5961769793/il_fullxfull.5961769793_80dd.jpg
AutumnloveByDaniel,4330085311,"Kpop Hunter Tiger PNG Shirt Digital, Huntrix Jinu digital Download, Saja Girls PNG For Fan, Kpop Movie Fan Gift",demon hunters tee; demon hunter sticker; instant download; kpop tee; saja girls pin; huntrix merch; anime lover gifts; anime t-shirt design; demon hunter shirt; demon hunter merch; kpop huntrix pin; demon hunters tiger; demon tiger clipart,https://i.etsystatic.com/51128845/r/il/ce835c/6991768522/il_fullxfull.6991768522_7da8.jpg,https://i.etsystatic.com/51128845/r/il/df5989/6991768494/il_fullxfull.6991768494_4n3m.jpg,,,,,,,,
AutumnloveByDaniel,4354579653,"Gilmore Ghouls Halloween PNG Digital Download, Stars Hollow Fall Leaves Shirt Designs, Retro Ghost Stars Hollow PNG, Luke’s Coffee Tee",gilmore ghouls png; spooky season; stars hollow png; stars hollow gift; fall festival shirt; lukes coffee shirt; lukes diner shirt; gilmore girls fall; gilmore girls gifts; fall stars hollow; pumpkin shirt; png gilmore girls; stars hollow digital,https://i.etsystatic.com/51128845/r/il/df6d76/7121144274/il_fullxfull.7121144274_q49a.jpg,https://i.etsystatic.com/51128845/r/il/8a8445/7121144204/il_fullxfull.7121144204_rgvl.jpg,,,,,,,,
AutumnloveByDaniel,1751927637,"Inside Out 2 It&#39;s Okay To Feel All The Feels PNG Digital Download, Mental Health Shirt Designs, Inclusion Speech Therapy BCBA  PNG Clipart",its okay to feel; mental health matter; mental health png; inside out png; inclusion png; speech therapy png; bcba png; svg files for cricut; para png; mental health tee; psychologists png; therapy png; disney inside out,https://i.etsystatic.com/51128845/r/il/5b63af/6080031952/il_fullxfull.6080031952_od3o.jpg,https://i.etsystatic.com/51128845/r/il/d10109/6128094715/il_fullxfull.6128094715_pul1.jpg,https://i.etsystatic.com/51128845/r/il/160997/6128094737/il_fullxfull.6128094737_n8ra.jpg,https://i.etsystatic.com/51128845/r/il/4a33e5/6080032136/il_fullxfull.6080032136_sdrk.jpg,,,,,,
AutumnloveByDaniel,4362920920,"Twilight Inspired HOA HOA HOA Shirt Design, Hoa Hoa Hoa Season Instant Download, Forks Washington, Book Lover Gift",hoa hoa hoa season; twilight merch; twilight memes; forks washington; halloween png; team edward; edward bella; twilight inspired; digital download; twilight shirt funny; edward cullen; comfort colors shirt; png design,https://i.etsystatic.com/51128845/r/il/bf558f/7214325317/il_fullxfull.7214325317_s05i.jpg,https://i.etsystatic.com/51128845/r/il/7b555e/7166339608/il_fullxfull.7166339608_berb.jpg,,,,,,,,
AutumnloveByDaniel,1810689297,"Friends English Trifle PNG Digital Download, Rachel&#39;s Trifle PNG, Friends Thanksgiving Shirt Designs, TV Friends, Thanksgiving Tee",friends thanksgiving; thanksgiving png; friendsgiving png; the one with; friends tv show; friends sweatshirt; friends trifle png; funny thanksgiving; thanksgiving tee; turkey png; thanksgiving gifts; rachel trifle shirt; 90s kid tee,https://i.etsystatic.com/51128845/r/il/ed805c/6354190494/il_fullxfull.6354190494_eo22.jpg,https://i.etsystatic.com/51128845/r/il/a60eca/6424798437/il_fullxfull.6424798437_nzug.jpg,,,,,,,,
AutumnloveByDaniel,1821571848,"Funny Christmas Movie Digital Download, Leg Lamp Christmas PNG, The Christmas Story Clipart, Oh Fudge Holiday Gift",a christmas story; shoot your eye out; christmas story png; oh fudge shirt; christmas sweatshirt; funny christmas png; ralphy digital; christmas movie png; christmas vacation; kids christmas shirt; fun christmas shirt; funny holiday shirt; you'll shoot your,https://i.etsystatic.com/51128845/r/il/fe2ed6/6523329567/il_fullxfull.6523329567_lp3b.jpg,https://i.etsystatic.com/51128845/r/il/4d570b/6475221712/il_fullxfull.6475221712_8oj1.jpg,,,,,,,,
AutumnloveByDaniel,1692701750,"To Whatever End Shirt Design, Throne Of Glass Fan Png Instant Download, Terrasen Digital Download, Kings Flame The Thirteen,Book Lover Gift",manon blackbeak; aelin galathynius; acotar merch; acotar png; bookish digital; acotar pngfile; digital download; throne of glass png; sarah j maa svg; sjm svg; sarah j maas sjm; sjm merch; crescentcity png,https://i.etsystatic.com/51128845/r/il/4da318/5936308933/il_fullxfull.5936308933_9m8o.jpg,https://i.etsystatic.com/51128845/r/il/8adc14/5888233860/il_fullxfull.5888233860_7bcp.jpg,https://i.etsystatic.com/51128845/r/il/dadfec/5936308261/il_fullxfull.5936308261_76fa.jpg,https://i.etsystatic.com/51128845/r/il/b36d02/5936308239/il_fullxfull.5936308239_2k9n.jpg,https://i.etsystatic.com/51128845/r/il/c906cb/5888234106/il_fullxfull.5888234106_gk8b.jpg,,,,,
AutumnloveByDaniel,1854491938,"Yhwh Lungs PNG Digital Download, Christian Instant Download, Every Breath Speak His Name Shirt Designs, Faith Church Shirts",christian png; jesus png; png digital download; religious gift; flower lungs; bible verse png; hebrew name of god; womens faith png; religious png; flower christian; christian apparel; every breath speak; womens christian png,https://i.etsystatic.com/51128845/r/il/0d709c/6616775310/il_fullxfull.6616775310_f2lx.jpg,https://i.etsystatic.com/51128845/r/il/7fcf19/6664868135/il_fullxfull.6664868135_owtx.jpg,,,,,,,,
AutumnloveByDaniel,1804156687,"Dogs Make Everything Better PNG Digital Download, Womens Dog Shirt Designs, Dog Mom, Dog Lover PNG  Instant Download",gift for dog lovers; gift for dog mom; funny dog png; dog names png; animal lover; vsco hoodie; dog shirt for women; custom cat png; pet lover png; dog dad gifts; custom shirt for dog; dog lover tee png; dog clothes,https://i.etsystatic.com/51128845/r/il/3265e0/6320381330/il_fullxfull.6320381330_fnl6.jpg,https://i.etsystatic.com/51128845/r/il/19cab3/6383522723/il_fullxfull.6383522723_mpx6.jpg,,,,,,,,
AutumnloveByDaniel,1703659077,"Funny Workout Shirt Design, Lifting Is My Therapy Png Instant Download, In My Lifting Era Sublimation Design, Be Happy Lift Heavy, Gym Gift",gym shirt svg; muscle mommy svg; barbell svg; gym quotes svg; workout shirt svg; inspirational svg; muscle svg png; workout shirt png; funny workout svg; workout svg bundle; sublimation design; weightlifting png; in my lifting era,,,,,,,,,,
AutumnloveByDaniel,4363573083,"Stars Hollow Luke&#39;s Diner PNG Digital Download, Luke’s Coffee Mug PNG, Stars Hollow Connecticut Shirt, Autumn Festival Gift",stars hollow png; lukes diner png; lukes coffee shirt; stars hollow sweater; tv show fans gift; gift for her; autumn festival tee; founded 1779; lorelai gilmore; rory gilmore; stars hollow shirt; lorelai png; png digital download,https://i.etsystatic.com/51128845/r/il/e2940b/7217332371/il_fullxfull.7217332371_79wf.jpg,https://i.etsystatic.com/51128845/r/il/84f02b/7217332363/il_fullxfull.7217332363_lpls.jpg,,,,,,,,
AutumnloveByDaniel,1725190153,"Funny Trump Instant Download Png, Thug Life Sublimation Design, Distressed Trump 47 Png, Funny Political Humor Png File",republican gift; white house shirt; trump sweater; republican sweater; election shirt; trump 2024 digital; trump 2024 sweat; honey im home; funny trump png; republican shirt; martini lover gift; trump mugshot; mother day gift,https://i.etsystatic.com/51128845/r/il/687353/6012122693/il_fullxfull.6012122693_tshj.jpg,https://i.etsystatic.com/51128845/r/il/74e7c6/6012122863/il_fullxfull.6012122863_mdlb.jpg,https://i.etsystatic.com/51128845/r/il/df2031/6012122931/il_fullxfull.6012122931_ap90.jpg,https://i.etsystatic.com/51128845/r/il/7d5452/5964046386/il_fullxfull.5964046386_tmig.jpg,,,,,,
AutumnloveByDaniel,4374550702,"Wicked Changed For Good Book PNG Digital Download, Defy Gravity Broomstick Magic Wand, Fun Literary PNG for Musical Fan",bookish gift; wizardoz clipart; gift for book lover; spooky season png; book lover shirt; book club shirt; elphaba and glinda; cruel prince merch; glinda good witch; halloween book lover; digital download; something wicked; vintage halloween,https://i.etsystatic.com/51128845/r/il/05ccf2/7271309899/il_fullxfull.7271309899_9lwc.jpg,https://i.etsystatic.com/51128845/r/il/f7eb37/7271309459/il_fullxfull.7271309459_p113.jpg,,,,,,,,
AutumnloveByDaniel,1724225620,"Stars Hollow Connecticut PNG Digital Download, Gilmore Girls  Shirt Designs, Retro Stars Hollow PNG",stars hollow png; gilmore girls gifts; connecticut png; stars hollows png; fall vibes; gift for her; fall sweatshirt; autumn png; luke's diner png; svg files for cricut; fall season sweater; gift for him; fall outfits,https://i.etsystatic.com/51128845/r/il/e78332/6068746189/il_fullxfull.6068746189_v436.jpg,https://i.etsystatic.com/51128845/r/il/1627be/6020684432/il_fullxfull.6020684432_nq1x.jpg,https://i.etsystatic.com/51128845/r/il/7f11b8/6020684502/il_fullxfull.6020684502_se9i.jpg,https://i.etsystatic.com/51128845/r/il/e9cef8/6068746477/il_fullxfull.6068746477_7a3v.jpg,,,,,,
AutumnloveByDaniel,1692112786,"Everything Hurts And I’m Hungry PNG, Woman Work Out Shirt Designs, Workout Instant Download, Funny Weightlifting PNG, Gym Shirt",workout svg bundle; muscle svg png; inspirational svg; barbell svg; hustle svg; workout shirt png; muscle mommy svg; exercise shirt svg; gym quotes svg; bodybuilding svg; gym shirt svg; funny workout svg; workout shirt svg,https://i.etsystatic.com/51128845/r/il/b9d001/5933728717/il_fullxfull.5933728717_b4fi.jpg,https://i.etsystatic.com/51128845/r/il/db9530/5933727843/il_fullxfull.5933727843_dd62.jpg,https://i.etsystatic.com/51128845/r/il/b5ced1/5885653002/il_fullxfull.5885653002_mjyb.jpg,https://i.etsystatic.com/51128845/r/il/6df54f/5933727799/il_fullxfull.5933727799_ftj7.jpg,https://i.etsystatic.com/51128845/r/il/a63a44/5933727869/il_fullxfull.5933727869_bu4c.jpg,https://i.etsystatic.com/51128845/r/il/1439e2/5885653000/il_fullxfull.5885653000_ivj5.jpg,https://i.etsystatic.com/51128845/r/il/045e37/5933727919/il_fullxfull.5933727919_4sxa.jpg,https://i.etsystatic.com/51128845/r/il/918b18/5933728077/il_fullxfull.5933728077_tmi5.jpg,https://i.etsystatic.com/51128845/r/il/e65378/5885653224/il_fullxfull.5885653224_dhbb.jpg,https://i.etsystatic.com/51128845/r/il/af2ab8/5933728089/il_fullxfull.5933728089_oehw.jpg
AutumnloveByDaniel,4333694865,"We All Swim Together PNG Digital Download, Teacher Back to School Shirt Designs, Ocean Animal Classroom Shirt, Underwater Turtle Outfit",gift for teacher; back to school png; funny teacher shirts; teacher appreciation; teacher life shirt; kindergarten teacher; png digital download; teacher gift shirt; teacher png; ocean teacher shirt; teacher tshirt; teacher teaching; preschool teacher,https://i.etsystatic.com/51128845/r/il/55b78e/7059132917/il_fullxfull.7059132917_jjrv.jpg,https://i.etsystatic.com/51128845/r/il/f0d66d/7059132901/il_fullxfull.7059132901_34ro.jpg,,,,,,,,
AutumnloveByDaniel,1843836010,"I Love You In Dark Romance Book Quotes PNG Digital Download, Book Lover PNG, Lords By Shantel Tessier, Dark Romance Merch Instant Download",dark romance fan; gift for book lover; i love you in book; bookish merch; bookish gift; gift for reader; haunting adeline; dark romance lover; book lover png; dark romance reader; smut reader png; gift for smut reader; dark romance merch,https://i.etsystatic.com/51128845/r/il/152d2c/6564970798/il_fullxfull.6564970798_mb8g.jpg,https://i.etsystatic.com/51128845/r/il/ab3df9/6613084929/il_fullxfull.6613084929_a6gd.jpg,,,,,,,,
AutumnloveByDaniel,1894899667,"Butcher Blackbird Book Series PNG Digital Download, Scythe Sparrow Brynne Weaver Inspired Apparel, Smut Shirt Gift, Dark Romance Shirt",brynne weaver; leather and lark; dark romance books; romance book merch; scythe and sparrow; ruinous love trilogy; rowan and sloane; book reader png; gift for book lover; bookish gifts; png digital download; butcher blackbird; smut merch,https://i.etsystatic.com/51128845/r/il/e7795c/6750460754/il_fullxfull.6750460754_k1k9.jpg,https://i.etsystatic.com/51128845/r/il/e20ea0/6798479027/il_fullxfull.6798479027_lin6.jpg,,,,,,,,
AutumnloveByDaniel,4307385991,"Epic Universe PNG Digital Download, Family Universe Park Trip Shirt Designs, Orlando Park 2025 Family Trip Tee, Summer Trip Shirt",mario family shirts; universal studios; disney png; mario world png; universal orlando; epic orlando png; mario shirt designs; epic universe shirts; epic universe 2025; coquette mario shirt; png digital download; universal shirt; family trip tee,https://i.etsystatic.com/51128845/r/il/2a96c7/6919924687/il_fullxfull.6919924687_86fi.jpg,https://i.etsystatic.com/51128845/r/il/be4089/6871944968/il_fullxfull.6871944968_4yzt.jpg,,,,,,,,
AutumnloveByDaniel,4304146384,"Twilight Inspired Shirt PNG Digital Download, Book Cover Aesthetic Instant Download, Twilight Saga Fan Gift, Vampires Wolves Romance",vampire aesthetic; bookish fashion; twilight gift; book lover; png digital download; twilight fan tee; fantasy lover; book club; new moon eclipse; breaking dawn; the twilight saga; twilight book covers; vampire movie te,,,,,,,,,,
AutumnloveByDaniel,4354563756,"Halloweentown Est 1998 PNG Digital Download, Vintage Halloweentown University PNG, Spooky Season Apparel, Halloween Tee, Pumpkin Shirt",halloweentown png; vintage halloween; fall shirt; halloween gifts; halloween university; halloween sweatshirt; retro halloweentown; halloween pumpkin; halloween png; funny halloween; png digital download; fall pumpkin; retro halloween png,https://i.etsystatic.com/51128845/r/il/7246dc/7121131524/il_fullxfull.7121131524_9eso.jpg,https://i.etsystatic.com/51128845/r/il/b7963f/7121131520/il_fullxfull.7121131520_s33i.jpg,,,,,,,,
AutumnloveByDaniel,1727855260,"Golden Girls Thug Life Png Instant Download, Golden Girls 80s Retro Vibe Digital Download, 2 Sided Shirt",png svg pdf file; digital squad ladies; golden girls files; stay slay golden; blanche rose women; friends dorothy ma; sitcom tv national; squad goals bff; betty white oldies; old comedy self; 2 sided shirt design; mother daughter; thug life girls,https://i.etsystatic.com/51128845/r/il/9c5c6d/6084452729/il_fullxfull.6084452729_pdjk.jpg,https://i.etsystatic.com/51128845/r/il/1307c2/6036372684/il_fullxfull.6036372684_6k44.jpg,https://i.etsystatic.com/51128845/r/il/d24e31/6036372846/il_fullxfull.6036372846_idjm.jpg,https://i.etsystatic.com/51128845/r/il/a1da41/6084439093/il_fullxfull.6084439093_lq34.jpg,,,,,,
AutumnloveByDaniel,1802555132,"Christmas Dentist PNG Digital, Funny Christmas Lights Tooth PNG, Dental Squad Gift for Christmas, Dental Assistant Gift,Xmas Dental Tee",dentist sweatshirt; grinmas sweatshirt; dental assistant; best dentist gift; christmas teeth; dental crew shirt; dental hygienist tee; dental student gift; tooth xmas png; dental office shirts; xmas dentist png; dentist graduation; dental squad shirts,https://i.etsystatic.com/51128845/r/il/7a8278/6384213064/il_fullxfull.6384213064_jl9p.jpg,https://i.etsystatic.com/51128845/r/il/70a308/6432302543/il_fullxfull.6432302543_7g19.jpg,,,,,,,,
AutumnloveByDaniel,1837013075,"Chismosa Social Club PNG Digital Download, Latina Chisme PNG Clipart, Mexican Fashion, Trendy Mexicana Cafecito",cafecito y chisme; funny latina png; chismosa social club; funny spanish png; gift for her; mexicana png; gossip girl png; regalos para mama; png digital download; social club shirt; chismosa sweatshirt; la chismosa shirt; funny mexican shirt,https://i.etsystatic.com/51128845/r/il/ccbba7/6528451509/il_fullxfull.6528451509_24es.jpg,https://i.etsystatic.com/51128845/r/il/b33a1a/6528451475/il_fullxfull.6528451475_dpcg.jpg,,,,,,,,
AutumnloveByDaniel,4424833120,"Onyx Storm PNG Digital Download, Dancing Through The Lightning Strikes, Fourth Wing Dragon PNG, Dragon Lover Gift",sky is opalite png; fate of ophelia; onyx storm cozy; dragon riders tee; xaden quadrant shirt; fourth wing merch; book lover gift; romance fantasy; rebecca yarros; the empyrean series; fantasy reader; fly or die png; png digital download,https://i.etsystatic.com/51128845/r/il/2def1d/7511006580/il_fullxfull.7511006580_ggcl.jpg,https://i.etsystatic.com/51128845/r/il/390472/7511006576/il_fullxfull.7511006576_nyw1.jpg,,,,,,,,
AutumnloveByDaniel,4336948785,"I&#39;m Making Pour Choices Around The World PNG Digital Download, Retro Epcot Drinking Shirt Designs, Disney Family Matching Tee",png digital download; epcot shirt; epcot est 1982; walt disney world; wdw shirt; disney family trip; disneyworld shirt; retro disney shirt; mickey png; disneyworld vacation; disneyworld 2025; disney epcot png; disney world tour,https://i.etsystatic.com/51128845/r/il/3990e9/7027631638/il_fullxfull.7027631638_su91.jpg,https://i.etsystatic.com/51128845/r/il/2a76b0/7075609993/il_fullxfull.7075609993_p54r.jpg,,,,,,,,
AutumnloveByDaniel,4426236446,"Tired Moms Book Club PNG Digital Download, Retro Coffee Reader Shirt Design, Book Lover Gift",tired moms png; book club shirt; motherhood shirt; book lover gift; tired moms club; book lover gifts; bookish png; reading shirt; gift for mom; bookworm png; bookish tshirt; librarian shirt; png digital download,https://i.etsystatic.com/51128845/r/il/86c09c/7566056783/il_fullxfull.7566056783_12zh.jpg,https://i.etsystatic.com/51128845/r/il/4a3be6/7566056813/il_fullxfull.7566056813_olqo.jpg,,,,,,,,
AutumnloveByDaniel,4343690295,"Stars Hollow Stamps PNG Digital Download, Luke&#39;s Diner Shirt Designs, Autumn Festival Instant Download, Retro Fall TShirt, TV Show Fans Gift",stars hollow png; connecticut png; retro stars hollow; gilmore girl gifts; fall tshirt; gilmore girls shirt; gift for her; lukes diner shirt; autumn festival tee; stars hollow stamps; lukes coffee shirt; connecticut jumper; png digital download,https://i.etsystatic.com/51128845/r/il/95d8db/7065279380/il_fullxfull.7065279380_76c2.jpg,https://i.etsystatic.com/51128845/r/il/9c63fd/7065279374/il_fullxfull.7065279374_rai6.jpg,,,,,,,,
AutumnloveByDaniel,1856541471,"Onyx Storm PNG Digital Download, Fourth Wing PNG Clipart, Basgiath War College TShirt, Dragon Lover, Fourth Wing Xaden Riorson Fan",fourth wing png; basgiath war college; fourth wing merch; onyx storm new book; new book release; violet sorrengail; bookish png; gifts for readers; the empyrean series; png digital download; dragon rider; fantasy reader; fly or die,https://i.etsystatic.com/51128845/r/il/40097a/6557732044/il_fullxfull.6557732044_6j9c.jpg,https://i.etsystatic.com/51128845/r/il/7fcb47/6557732034/il_fullxfull.6557732034_2tbu.jpg,,,,,,,,
AutumnloveByDaniel,1759190404,"Fourth Wing Ghost PNG Digital Download, Fourth Wing PNG Clipart, Bookish Ghost, Basgiath War College Shirt Designs, Fourth Wing Halloween",svg files for cricut; fourth wing png; fourth wing merch; basgiath war college; romantasy; wing leader png; dragon rider; fourth wing xaden; violet sorrengail; spooky season; fantasy books; fourth wing ghost; halloween ghost,https://i.etsystatic.com/51128845/r/il/7d1afd/6174357124/il_fullxfull.6174357124_jie9.jpg,https://i.etsystatic.com/51128845/r/il/b89fb5/6335344878/il_fullxfull.6335344878_18ei.jpg,,,,,,,,
AutumnloveByDaniel,1750587763,"Romance Book PNG Digital Download, Bookish Shirt Designs, Girlie Book Lover Instant Download, Book Club PNG Clipart",fantasy book png; bookish fantasy; bookworm png; gift for book lovers; bookish png; book club gifts; romance reader png; romance books; bookish gift for her; book club png; sublimation designs; svg files for cricut; spicy books shirt,,,,,,,,,,
AutumnloveByDaniel,1743703123,"Lady Whistledown&#39;s PNG Digital Download, Spill The Tea Lady Whistledown PNG, Society Paper Shirt Designs, Bridgerton PNG",duke of hastings; i burn for you; bridgerton png; lady whistledown; daphne bridgerton; bridgerton fashion; society papers png; tv show shirt design; bridgerton shirt; gift for her; svg files for cricut; spill the tea png; historical drama svg,,,,,,,,,,
AutumnloveByDaniel,1811261751,"Vintage Tale As Old As Time PNG Digital Download, Belle Princess PNG Clipart, Retro Beauty Princess Shirt Designs",beauty and the beast; princess png; belle books shop; tale as old as time; kingdom sweatshirt; disney png; instant download; png digital download; disney sweatshirt; magic sweatshirt; disney trip sweat; disney family shirts; disney princess,https://i.etsystatic.com/51128845/r/il/57a9f5/6356993860/il_fullxfull.6356993860_i5pv.jpg,https://i.etsystatic.com/51128845/r/il/1885c9/6424799629/il_fullxfull.6424799629_8bt9.jpg,,,,,,,,
AutumnloveByDaniel,4301408676,"Fourth Wing Dragon Rider PNG Digital Download, Basgiath War College Shirt Designs, Dragon Lover Shirt, Bookish Gift, Instant Download",fourth wing png; basgiath war college; tairn andarna dragon; fourth wing merch; xaden riorson; bookish png; taylor long live; dragon rider png; bookish merch; rebecca yarros; dragon lover shirt; the empyrean series; png digital download,https://i.etsystatic.com/51128845/r/il/c20219/6890063573/il_fullxfull.6890063573_d89n.jpg,https://i.etsystatic.com/51128845/r/il/133dd1/6890063537/il_fullxfull.6890063537_duon.jpg,,,,,,,,
AutumnloveByDaniel,1743701171,"Lady Whistledown Digital Download Png, Spill The Tea Instant Download File,  Whistledown Social Club Png, Movie Fan Png File",lady whistledown; bridgerton gift; bridgerton shirt; bridgerton fashion; spill the tea lady; daphne bridgerton; spill the tea svg; whistledown style; lady whistledown's; society papers shirt; whistledown svg; spill the tea png; bridgerton fan,https://i.etsystatic.com/51128845/r/il/ead559/6043471952/il_fullxfull.6043471952_g92q.jpg,https://i.etsystatic.com/51128845/r/il/1d080b/6091542731/il_fullxfull.6091542731_ebce.jpg,https://i.etsystatic.com/51128845/r/il/189c7b/6091542723/il_fullxfull.6091542723_94ah.jpg,https://i.etsystatic.com/51128845/r/il/97ce29/6091542747/il_fullxfull.6091542747_8e0j.jpg,,,,,,
AutumnloveByDaniel,1844921402,"Xaden Riorson PNG Digital Download, Trendy Xaddy Shirt, Xaden Fourth Wing Fan Merch, Onyx Storm PNG Clipart, Dragon Rider 2 Sided TShirt",violet sorrengail; basgiath war college; fourth wing merch; fourth wing png; dragon rider png; xaden riorson png; violent little thing; png digital download; xaddy fourth wing; bookish merch; fourth wing xaden; the empyrean series; onyx storm png,https://i.etsystatic.com/51128845/r/il/550b9d/6618059501/il_fullxfull.6618059501_tro3.jpg,https://i.etsystatic.com/51128845/r/il/e91dc1/6569944914/il_fullxfull.6569944914_6jdy.jpg,,,,,,,,
AutumnloveByDaniel,4388537979,"Mean Guy 6 7 Christmas  PNG Digital Download, Funny Six Seven Christmas PNG, Viral 6 7 Meme Instant Download, Internet Joke Shirt",6 7 xmas tee; png digital download; funny xmas png; internet joke tee; trending xmas; meme christmas; humor xmas shirt; holiday meme tee; xmas graphic tee; viral xmas shirt; grinch xmas png; six seven png; 6 7 funny tiktok,,,,,,,,,,
